concentration,signal
2.3,54213180
1.15,28256926
0.575,14516776
0.2875,7456555
0.14375,3930272
0.071875,2262121
0.0359375,1387601
0.01796875,944694
0.008984375,732400
0,494179
