concentration,signal
0.3696,25617922
0.1848,13638622
0.0924,6593837
0.0462,3374040
0.0231,1848121
0.01155,1015300
0.005775,597366
0.0028875,407466
0,56875
